topic,sentiment_mean,sentiment_std,subjectivity_mean,subjectivity_std,counting
Hazard,0.021608445566778895,0.5158946070230601,0.31627455106621766,0.5830527625580493,9.0
Mitigation,0.0669191919191919,0.07443497790412501,0.45057720057720063,0.17590939260686989,2.0
