week,sentiment_mean,sentiment_std,subjectivity_mean,subjectivity_std,counting
2025-38,0.3535533905932738,0.5,0.0,1.0,2.0
2025-39,0.04666666666666666,0.0808290376865476,0.0,0.0,3.0
2025-40,-0.7071067811865476,1.0,,1.0,1.0
2025-41,0.0,1.0,0.0,1.0,1.0
2025-42,0.2333333333333333,1.0,0.0,1.0,1.0
