topic,sentiment_mean,sentiment_std,subjectivity_mean,subjectivity_std,counting
Causes,0.13618458607371656,0.6322075437348351,0.10440137253504704,0.7076944559276294,24.0
Hazard,0.016455831360453945,0.7479703008289676,0.2330618798838654,0.679342687288917,29.0
Impacts,0.0015739668363806954,0.6960482090745392,0.04432425049318734,0.810046908008027,55.0
Mitigation,-0.059766473941934115,0.9229595989452407,0.38854309024550937,0.6010952687803724,16.0
