week,sentiment_mean,sentiment_std,subjectivity_mean,subjectivity_std,counting
2025-38,0.25634640949990706,0.4282358317776519,0.4531688498978073,0.2921415903975104,3.0
2025-39,0.2141654640120917,0.2726814968398919,0.31420304248141473,0.5455303737766296,6.0
2025-40,-0.21014725514767751,0.5666102518689797,0.200897679339737,0.5452704097329228,5.0
2025-41,0.03915513182155755,0.8054890723068049,0.29480156040612077,0.7402694025823485,13.0
2025-42,-0.275626841658109,0.3945467134052765,0.34801867103841605,0.4001771583015771,7.0
2025-43,0.4307342878695024,0.7106568048156668,-0.38676520342946036,1.3257189595789358,3.0
2025-44,-0.0806853292233067,0.02571793922382013,0.46868228970872766,0.3976518076052034,2.0
