topic,sentiment_mean,sentiment_std,subjectivity_mean,subjectivity_std,counting
Causes,-0.7071067811865476,1.0,0.7071067811865476,1.0,1.0
Hazard,-0.0775130196574846,0.5626817232752139,0.24647094916959914,0.5814274518171095,28.0
Impacts,0.28783326317307995,0.6701559440751506,0.6474570811407165,0.22521034083009248,7.0
Mitigation,0.41332972536960855,0.4154634966503529,-0.06607142811131106,0.9065608902796244,2.0
