topic,sentiment_mean,sentiment_std,subjectivity_mean,subjectivity_std,counting
Hazard,-0.11976070711857055,0.45210838979758977,0.24621798182052312,0.6375156940202772,17.0
Impact,0.6679925522855227,0.9657502668908662,0.7503909718781593,0.40741480975972766,3.0
Mitigation,0.0669191919191919,0.07443497790412501,0.45057720057720063,0.17590939260686989,2.0
