week,sentiment_mean,sentiment_std,subjectivity_mean,subjectivity_std,counting
2025-38,0.3108089364793372,0.5216789432660727,0.5719684855177172,0.4963558816987372,3.0
2025-39,0.5320154292020658,0.2609911010708804,0.21008502570994333,0.7422133898075901,6.0
2025-40,-0.268278463735729,0.7001003153542636,0.27211662360358296,0.4875994937619101,5.0
2025-41,0.12764809801454055,0.6905095601350834,0.26977955002174947,0.7678295201379333,36.0
2025-42,-0.14298789861533948,0.7490069373922904,0.0756540413388146,0.6444919289530927,26.0
2025-43,-0.008944663740632087,0.998334746102588,0.058789336206785024,0.9533054443725094,18.0
2025-44,0.05472639940164112,0.6178385799461951,0.0373674781996157,0.7519688640009263,24.0
2025-45,-0.1665047502450215,0.5609433990576477,-0.2147593460809734,0.739900073776177,7.0
