week,sentiment_mean,sentiment_std,subjectivity_mean,subjectivity_std,counting
2025-38,0.26893861496232535,0.44980771123881774,0.4410816664836914,0.27149540379765724,3.0
2025-39,0.07780483405483404,0.13121431518320878,0.5814145923520924,0.2288197478955153,4.0
2025-40,-0.46897403709995433,0.8711836395623717,-0.8685041397152079,0.7613191857362827,2.0
2025-41,0.2735059349369251,0.6730355435086557,0.44789367172273425,0.507182337753235,9.0
2025-42,-0.36652994409458584,0.30315818365853203,0.13759761832351786,0.7424766442036622,5.0
