week,sentiment_mean,sentiment_std,subjectivity_mean,subjectivity_std,counting
2025-38,0.36533719590399144,0.6155065201944088,0.3700315358094712,0.15174611032698168,3.0
2025-39,0.04565897065897067,0.14009159704530683,0.5908760221260222,0.27928588152688405,3.0
2025-40,-0.9074300193356866,1.0,-1.153770664647733,1.0,1.0
2025-41,0.14653679653679655,0.18703127415800025,0.4305194805194805,0.14754349287095922,2.0
2025-42,-0.14515883974369945,0.02762502109076232,0.5788171952763261,0.054011920536582006,2.0
