keyword,sentiment_mean,sentiment_std,subjectivity_mean,subjectivity_std,counting
'hail hailstorm',0.7071067811865477,1.0,-0.7071067811865472,1.0,1.0
'hail roof damage',0.1742424242424242,1.0,0.553030303030303,1.0,1.0
'large hail',0.06017316017316016,1.0,0.6385281385281386,1.0,1.0
'thunderstorm early warning',0.0669191919191919,0.07443497790412501,0.45057720057720063,0.17590939260686989,2.0
'thunderstorm lightning',-0.10997362772974673,0.49602835704956466,0.32344895829578685,0.665747637706667,11.0
'thunderstorm power outages',0.048939393939393935,1.0,0.4792424242424243,1.0,1.0
'thunderstorm tornado',-0.17727905523232904,0.435895335325229,-0.0021521977665801676,0.6210201567254604,5.0
'thunderstorm wind damage',1.7807958386747502,1.0,1.2189001883617505,1.0,1.0
