keyword,sentiment_mean,sentiment_std,subjectivity_mean,subjectivity_std,counting
'Thunderstorm early warning',0.0669191919191919,0.07443497790412501,0.45057720057720063,0.17590939260686989,2.0
'Thunderstorm lightning',0.014726167929292926,0.5510726722582968,0.3258088699494948,0.622559137567289,8.0
'Thunderstorm tornado',0.07666666666666669,1.0,0.24000000000000005,1.0,1.0
