topic,sentiment_mean,sentiment_std,subjectivity_mean,subjectivity_std,counting
Causes,-0.7071067811865476,1.0,0.7071067811865476,1.0,1.0
Hazard,-0.06950574188209152,0.528777462870043,0.26706841975905643,0.57571945289789,25.0
Impact,0.3498059352336705,0.7039111992548926,0.6491096273532211,0.28620630684244625,6.0
Mitigation,0.41332972536960855,0.4154634966503529,-0.06607142811131106,0.9065608902796244,2.0
